Name,Type,Color,Height (in),Weight (lbs),Base Stat Total
abomasnow,grass,white,87,299,494
abomasnow-mega,grass,white,106,408,594
abra,psychic,brown,35,43,310
absol,dark,white,47,104,465
absol-mega,dark,white,47,108,565
accelgor,bug,red,31,56,495
aegislash-shield,steel,brown,67,117,500
aerodactyl,rock,purple,71,130,515
aerodactyl-mega,rock,purple,83,174,615
aggron,steel,gray,83,794,530
aggron-mega,steel,gray,87,871,630
aipom,normal,purple,31,25,360
alakazam,psychic,brown,59,106,500
alakazam-mega,psychic,brown,47,106,600
alcremie,fairy,white,12,1,495
alomomola,water,pink,47,70,470
altaria,dragon,blue,43,45,490
altaria-mega,dragon,blue,59,45,590
amaura,rock,blue,51,56,362
ambipom,normal,purple,47,45,482
amoonguss,grass,white,24,23,464
ampharos,electric,yellow,55,136,510
ampharos-mega,electric,yellow,55,136,610
annihilape,fighting,gray,47,123,535
anorith,rock,gray,28,28,355
appletun,grass,green,16,29,485
applin,grass,green,8,1,260
araquanid,water,green,71,181,454
arbok,poison,purple,138,143,448
arboliva,grass,green,55,106,510
arcanine,fire,brown,75,342,555
arcanine-hisui,fire,brown,79,370,555
arceus,normal,white,126,705,720
archaludon,steel,white,79,132,600
archen,rock,yellow,20,21,401
archeops,rock,yellow,55,71,567
arctibax,dragon,gray,31,66,423
arctovish,water,blue,79,386,505
arctozolt,electric,blue,91,331,505
ariados,bug,red,43,74,400
armaldo,rock,gray,59,150,495
armarouge,fire,red,59,187,525
aromatisse,fairy,pink,31,34,462
aron,steel,gray,16,132,330
arrokuda,water,brown,20,2,280
articuno,ice,blue,67,122,580
articuno-galar,psychic,blue,67,112,580
audino,normal,pink,43,68,445
audino-mega,normal,pink,59,71,545
aurorus,rock,blue,106,496,521
avalugg,ice,blue,79,1113,514
avalugg-hisui,ice,blue,55,578,514
axew,dragon,green,24,40,320
azelf,psychic,blue,12,1,580
azumarill,water,blue,31,63,420
azurill,normal,blue,8,4,190
bagon,dragon,blue,24,93,300
baltoy,ground,brown,20,47,300
banette,ghost,black,43,28,455
banette-mega,ghost,black,47,29,555
barbaracle,rock,brown,51,212,500
barboach,water,gray,16,4,288
barraskewda,water,brown,51,66,490
basculegion-male,water,green,118,243,530
basculin-red-striped,water,green,39,40,460
bastiodon,rock,gray,51,330,495
baxcalibur,dragon,gray,83,463,600
bayleef,grass,green,47,35,405
beartic,ice,white,102,573,505
beautifly,bug,yellow,39,63,395
beedrill,bug,yellow,39,65,395
beedrill-mega,bug,yellow,55,89,495
beheeyem,psychic,brown,39,76,485
beldum,steel,blue,24,210,300
bellibolt,electric,green,47,249,495
bellossom,grass,green,16,13,490
bellsprout,grass,green,28,9,300
bergmite,ice,blue,39,219,304
bewear,normal,pink,83,298,500
bibarel,normal,brown,39,69,410
bidoof,normal,brown,20,44,250
binacle,rock,brown,20,68,306
bisharp,dark,red,63,154,490
blacephalon,fire,white,71,29,570
blastoise,water,blue,63,188,530
blastoise-mega,water,blue,63,223,630
blaziken,fire,red,75,115,530
blaziken-mega,fire,red,75,115,630
blipbug,bug,blue,16,18,180
blissey,normal,pink,59,103,540
blitzle,electric,black,31,66,295
boldore,rock,blue,35,225,390
boltund,electric,yellow,39,75,490
bombirdier,flying,white,59,95,485
bonsly,rock,brown,20,33,290
bouffalant,normal,brown,63,209,490
bounsweet,grass,purple,12,7,210
braixen,fire,red,39,32,409
brambleghast,grass,brown,47,13,480
bramblin,grass,brown,24,1,275
braviary,normal,red,59,90,510
braviary-hisui,psychic,red,67,96,510
breloom,grass,green,47,86,460
brionne,water,blue,24,39,420
bronzong,steel,green,51,412,500
bronzor,steel,green,20,133,300
brute-bonnet,grass,gray,47,46,570
bruxish,water,pink,35,42,475
budew,grass,green,8,3,280
buizel,water,brown,28,65,330
bulbasaur,grass,green,28,15,318
buneary,normal,brown,16,12,350
bunnelby,normal,brown,16,11,237
burmy,bug,green,8,7,224
butterfree,bug,white,43,71,395
buzzwole,bug,red,94,735,570
cacnea,grass,green,16,113,335
cacturne,grass,green,51,171,475
calyrex,psychic,green,43,17,500
calyrex-ice,psychic,green,94,1784,680
calyrex-shadow,psychic,green,94,118,680
camerupt,fire,red,75,485,460
camerupt-mega,fire,red,98,707,560
capsakid,grass,green,12,7,304
carbink,rock,gray,12,13,500
carkol,rock,black,43,172,410
carnivine,grass,green,55,60,454
carracosta,water,blue,47,179,495
carvanha,water,red,31,46,305
cascoon,bug,purple,28,25,205
castform,normal,gray,12,2,420
castform-rainy,water,gray,12,2,420
castform-snowy,ice,gray,12,2,420
castform-sunny,fire,gray,12,2,420
caterpie,bug,green,12,6,195
celebi,psychic,green,24,11,600
celesteela,steel,green,362,2204,570
centiskorch,fire,red,118,265,525
ceruledge,fire,blue,63,137,525
cetitan,ice,white,177,1543,521
cetoddle,ice,white,47,99,334
chandelure,ghost,black,39,76,520
chansey,normal,pink,43,76,450
charcadet,fire,red,24,23,255
charizard,fire,red,67,200,534
charizard-mega-x,fire,red,67,244,634
charizard-mega-y,fire,red,67,222,634
charjabug,bug,green,20,23,400
charmander,fire,red,24,19,309
charmeleon,fire,red,43,42,405
chatot,normal,black,20,4,411
cherrim,grass,purple,20,21,450
cherubi,grass,pink,16,7,275
chesnaught,grass,green,63,198,530
chespin,grass,green,16,20,313
chewtle,water,green,12,19,284
chien-pao,dark,white,75,336,570
chikorita,grass,green,35,14,318
chimchar,fire,brown,20,14,309
chimecho,psychic,blue,24,2,455
chinchou,water,blue,20,26,330
chingling,psychic,yellow,8,1,285
chi-yu,dark,red,16,11,570
cinccino,normal,gray,20,17,470
cinderace,fire,white,55,73,530
clamperl,water,blue,16,116,345
clauncher,water,blue,20,18,330
clawitzer,water,blue,51,78,500
claydol,ground,black,59,238,500
clefable,fairy,pink,51,88,483
clefairy,fairy,pink,24,17,323
cleffa,fairy,pink,12,7,218
clobbopus,fighting,brown,24,9,310
clodsire,poison,brown,71,492,430
cloyster,water,purple,59,292,525
coalossal,rock,black,110,685,510
cobalion,steel,blue,83,551,580
cofagrigus,ghost,yellow,67,169,483
combee,bug,yellow,12,12,244
combusken,fire,red,35,43,405
comfey,fairy,green,4,1,485
conkeldurr,fighting,brown,55,192,505
copperajah,steel,green,118,1433,500
corphish,water,red,24,25,308
corsola,water,pink,24,11,410
corsola-galar,ghost,pink,24,1,410
corviknight,flying,purple,87,165,495
corvisquire,flying,blue,31,35,365
cosmoem,psychic,blue,4,2204,400
cosmog,psychic,blue,8,0,200
cottonee,grass,green,12,1,280
crabominable,fighting,white,67,397,478
crabrawler,fighting,purple,24,15,338
cradily,rock,green,59,133,495
cramorant,flying,blue,31,40,475
cranidos,rock,blue,35,69,350
crawdaunt,water,red,43,72,468
cresselia,psychic,yellow,59,189,580
croagunk,poison,blue,28,51,300
crobat,poison,purple,71,165,535
crocalor,fire,red,39,68,411
croconaw,water,blue,43,55,405
crustle,bug,red,55,441,485
cryogonal,ice,blue,43,326,515
cubchoo,ice,white,20,19,305
cubone,ground,brown,16,14,320
cufant,steel,yellow,47,220,330
cursola,ghost,white,39,1,510
cutiefly,bug,yellow,4,0,304
cyclizar,dragon,green,63,139,501
cyndaquil,fire,yellow,20,17,309
dachsbun,fairy,brown,20,33,477
darkrai,dark,black,59,111,600
darmanitan-galar-standard,ice,red,67,265,480
darmanitan-galar-zen,ice,red,67,265,540
darmanitan-standard,fire,red,51,205,480
darmanitan-zen,fire,red,51,205,540
dartrix,grass,brown,28,35,420
darumaka,fire,red,24,83,315
darumaka-galar,ice,red,28,88,315
decidueye,grass,brown,63,81,530
decidueye-hisui,grass,brown,63,82,530
dedenne,electric,yellow,8,5,431
deerling,normal,pink,24,43,335
deino,dark,blue,31,38,300
delcatty,normal,purple,43,72,400
delibird,ice,red,35,35,330
delphox,fire,red,59,86,534
deoxys-normal,psychic,red,67,134,600
dewgong,water,white,67,265,475
dewott,water,blue,31,54,413
dewpider,water,green,12,9,269
dhelmise,ghost,green,154,463,517
dialga,steel,white,213,1506,680
diancie,rock,pink,28,19,600
diancie-mega,rock,pink,43,61,700
diggersby,normal,brown,39,93,423
diglett,ground,brown,8,2,265
diglett-alola,ground,brown,8,2,265
dipplin,grass,green,16,21,485
ditto,normal,purple,12,9,288
dodrio,normal,brown,71,188,470
doduo,normal,brown,55,86,310
dolliv,grass,green,24,26,354
dondozo,water,blue,472,485,530
donphan,ground,gray,43,265,500
dottler,bug,yellow,16,43,335
doublade,steel,brown,31,10,448
dracovish,water,green,91,474,505
dracozolt,electric,green,71,419,505
dragalge,poison,brown,71,180,494
dragapult,dragon,green,118,110,600
dragonair,dragon,blue,157,36,420
dragonite,dragon,brown,87,463,600
drakloak,dragon,green,55,24,410
drampa,normal,white,118,408,485
drapion,poison,purple,51,136,500
dratini,dragon,blue,71,7,300
drednaw,water,green,39,255,485
dreepy,dragon,green,20,4,270
drifblim,ghost,purple,47,33,498
drifloon,ghost,purple,16,3,348
drilbur,ground,gray,12,19,328
drizzile,water,blue,28,25,420
drowzee,psychic,yellow,39,71,328
druddigon,dragon,red,63,306,485
dubwool,normal,white,51,95,490
ducklett,water,blue,20,12,305
dudunsparce-two-segment,normal,yellow,142,86,520
dugtrio,ground,brown,28,73,425
dugtrio-alola,ground,brown,28,147,425
dunsparce,normal,yellow,59,31,415
duosion,psychic,green,24,18,370
duraludon,steel,white,71,88,535
durant,bug,gray,12,73,484
dusclops,ghost,black,63,67,455
dusknoir,ghost,black,87,235,525
duskull,ghost,black,31,33,295
dustox,bug,green,47,70,385
dwebble,bug,red,12,32,325
eelektrik,electric,blue,47,49,405
eelektross,electric,blue,83,177,515
eevee,normal,brown,12,14,325
eevee-starter,normal,brown,12,14,435
eiscue-ice,ice,blue,55,196,470
ekans,poison,purple,79,15,288
eldegoss,grass,green,20,6,460
electabuzz,electric,yellow,43,66,490
electivire,electric,yellow,71,306,540
electrike,electric,green,24,34,295
electrode,electric,red,47,147,490
electrode-hisui,electric,red,47,157,490
elekid,electric,yellow,24,52,360
elgyem,psychic,blue,20,20,335
emboar,fire,red,63,331,528
emolga,electric,white,16,11,428
empoleon,water,blue,67,186,530
enamorus-incarnate,fairy,pink,63,106,580
entei,fire,brown,83,437,580
escavalier,bug,gray,39,73,495
espathra,psychic,yellow,75,198,481
espeon,psychic,purple,35,58,525
espurr,psychic,gray,12,8,355
eternatus,poison,purple,787,2094,690
excadrill,ground,gray,28,89,508
exeggcute,grass,pink,16,6,325
exeggutor,grass,yellow,79,265,530
exeggutor-alola,grass,yellow,429,916,530
exploud,normal,blue,59,185,490
falinks,fighting,yellow,118,137,470
farfetchd,normal,brown,31,33,377
farfetchd-galar,fighting,brown,31,93,377
farigiraf,normal,brown,126,353,520
fearow,normal,brown,47,84,442
feebas,water,brown,24,16,200
fennekin,fire,red,16,21,307
feraligatr,water,blue,91,196,530
ferroseed,grass,gray,24,41,305
ferrothorn,grass,gray,39,243,489
fezandipiti,poison,black,55,66,555
fidough,fairy,yellow,12,24,312
finizen,water,blue,51,133,315
finneon,water,blue,16,15,330
flaaffy,electric,pink,31,29,365
flabebe,fairy,white,4,0,303
flamigo,flying,pink,63,82,500
flapple,grass,green,12,2,485
flareon,fire,red,35,55,525
fletchinder,fire,red,28,35,382
fletchling,normal,red,12,4,278
flittle,psychic,yellow,8,3,255
floatzel,water,brown,43,74,495
floette,fairy,white,8,2,371
floette-eternal,fairy,white,8,2,551
floragato,grass,green,35,27,410
florges,fairy,white,43,22,552
flutter-mane,ghost,gray,55,9,570
flygon,ground,green,79,181,520
fomantis,grass,pink,12,3,250
foongus,grass,white,8,2,294
forretress,bug,purple,47,277,465
fraxure,dragon,green,39,79,410
frigibax,dragon,gray,20,37,320
frillish,water,white,47,73,335
froakie,water,blue,12,15,314
frogadier,water,blue,24,24,405
froslass,ice,white,51,59,480
frosmoth,ice,white,51,93,475
fuecoco,fire,red,16,22,310
furfrou,normal,white,47,62,472
furret,normal,brown,71,72,415
gabite,dragon,blue,55,123,410
gallade,psychic,white,63,115,518
gallade-mega,psychic,white,63,124,618
galvantula,bug,yellow,31,32,472
garbodor,poison,green,75,237,474
garchomp,dragon,blue,75,209,600
garchomp-mega,dragon,blue,75,209,700
gardevoir,psychic,white,63,107,518
gardevoir-mega,psychic,white,63,107,618
garganacl,rock,brown,91,529,500
gastly,ghost,purple,51,0,310
gastrodon,water,purple,35,66,475
genesect,bug,purple,59,182,600
gengar,ghost,purple,59,89,500
gengar-mega,ghost,purple,55,89,600
geodude,rock,brown,16,44,300
geodude-alola,rock,brown,16,45,300
gholdengo,steel,yellow,47,66,550
gible,dragon,blue,28,45,300
gigalith,rock,blue,67,573,515
gimmighoul,ghost,brown,12,11,300
girafarig,normal,yellow,59,91,455
giratina-altered,ghost,black,177,1653,680
glaceon,ice,blue,31,57,525
glalie,ice,gray,59,565,480
glalie-mega,ice,gray,83,772,580
glameow,normal,gray,20,9,310
glastrier,ice,white,87,1764,580
gligar,ground,purple,43,143,430
glimmet,rock,blue,28,18,350
glimmora,rock,blue,59,99,525
gliscor,ground,purple,79,94,510
gloom,grass,blue,31,19,395
gogoat,grass,brown,67,201,531
golbat,poison,purple,63,121,455
goldeen,water,red,24,33,320
golduck,water,blue,67,169,500
golem,rock,brown,55,661,495
golem-alola,rock,brown,67,697,495
golett,ground,green,39,203,303
golisopod,bug,gray,79,238,530
golurk,ground,green,110,728,483
goodra,dragon,purple,79,332,600
goodra-hisui,steel,purple,67,737,600
goomy,dragon,purple,12,6,300
gorebyss,water,pink,71,50,485
gossifleur,grass,green,16,5,250
gothita,psychic,purple,16,13,290
gothitelle,psychic,purple,59,97,490
gothorita,psychic,purple,28,40,390
gouging-fire,fire,brown,138,1301,590
gourgeist-average,ghost,brown,35,28,494
grafaiai,poison,gray,28,60,485
granbull,fairy,purple,55,107,450
grapploct,fighting,blue,63,86,480
graveler,rock,brown,39,231,390
graveler-alola,rock,brown,39,243,390
great-tusk,ground,purple,87,705,570
greavard,ghost,white,24,77,290
greedent,normal,brown,24,13,460
greninja,water,blue,59,88,530
greninja-ash,water,blue,59,88,640
grimer,poison,purple,35,66,325
grimer-alola,poison,purple,28,93,325
grimmsnarl,dark,purple,59,134,510
grookey,grass,green,12,11,310
grotle,grass,green,43,214,405
groudon,ground,red,138,2094,670
groudon-primal,ground,red,197,2204,770
grovyle,grass,green,35,48,405
growlithe,fire,brown,28,42,350
growlithe-hisui,fire,brown,31,50,350
grubbin,bug,gray,16,10,300
grumpig,psychic,purple,35,158,470
gulpin,poison,green,16,23,302
gumshoos,normal,brown,28,31,418
gurdurr,fighting,gray,47,88,405
guzzlord,dark,black,217,1958,570
gyarados,water,blue,256,518,540
gyarados-mega,water,blue,256,672,640
hakamo-o,dragon,gray,47,104,420
happiny,normal,pink,24,54,220
hariyama,fighting,brown,91,560,474
hatenna,psychic,pink,16,7,265
hatterene,psychic,pink,83,11,510
hattrem,psychic,pink,24,11,370
haunter,ghost,purple,63,0,405
hawlucha,fighting,green,31,47,500
haxorus,dragon,yellow,71,233,540
heatmor,fire,red,55,128,484
heatran,fire,brown,67,948,600
heliolisk,electric,yellow,39,46,481
helioptile,electric,yellow,20,13,289
heracross,bug,blue,59,119,500
heracross-mega,bug,blue,67,138,600
herdier,normal,gray,35,32,370
hippopotas,ground,brown,31,109,330
hippowdon,ground,brown,79,661,525
hitmonchan,fighting,brown,55,111,455
hitmonlee,fighting,brown,59,110,455
hitmontop,fighting,brown,55,106,455
honchkrow,dark,black,35,60,505
honedge,steel,brown,31,4,325
ho-oh,fire,red,150,439,680
hoopa,psychic,purple,20,20,600
hoopa-unbound,psychic,purple,256,1080,680
hoothoot,normal,brown,28,47,262
hoppip,grass,pink,16,1,250
horsea,water,blue,16,18,295
houndoom,dark,black,55,77,500
houndoom-mega,dark,black,75,109,600
houndour,dark,black,24,24,330
houndstone,ghost,white,79,33,488
huntail,water,blue,67,60,485
hydrapple,grass,green,71,205,540
hydreigon,dark,blue,71,353,600
hypno,psychic,yellow,63,167,483
igglybuff,normal,pink,12,2,210
illumise,bug,purple,24,39,430
impidimp,dark,pink,16,12,265
incineroar,fire,red,71,183,530
indeedee-male,psychic,purple,35,62,475
infernape,fire,brown,47,121,534
inkay,dark,blue,16,8,288
inteleon,water,blue,75,100,530
iron-boulder,rock,gray,59,358,590
iron-bundle,ice,red,24,24,570
iron-crown,steel,blue,63,344,590
iron-hands,fighting,gray,71,839,570
iron-jugulis,dark,blue,51,245,570
iron-leaves,grass,green,59,276,590
iron-moth,fire,yellow,47,79,570
iron-thorns,rock,green,63,668,570
iron-treads,ground,gray,35,529,570
iron-valiant,fairy,white,55,77,590
ivysaur,grass,green,39,29,405
jangmo-o,dragon,gray,24,65,300
jellicent,water,white,87,298,480
jigglypuff,normal,pink,20,12,270
jirachi,steel,yellow,12,2,600
jolteon,electric,yellow,31,54,525
joltik,bug,yellow,4,1,319
jumpluff,grass,blue,31,7,460
jynx,ice,red,55,90,455
kabuto,rock,brown,20,25,355
kabutops,rock,brown,51,89,495
kadabra,psychic,brown,51,125,400
kakuna,bug,yellow,24,22,205
kangaskhan,normal,brown,87,176,490
kangaskhan-mega,normal,brown,87,220,590
karrablast,bug,blue,20,13,315
kartana,grass,white,12,0,570
kecleon,normal,green,39,49,440
keldeo-ordinary,water,yellow,55,107,580
kilowattrel,electric,yellow,55,85,490
kingambit,dark,black,79,265,550
kingdra,water,blue,71,335,540
kingler,water,red,51,132,475
kirlia,psychic,white,31,45,278
klang,steel,gray,24,112,440
klawf,rock,red,51,174,450
kleavor,bug,brown,71,196,500
klefki,steel,gray,8,7,470
klink,steel,gray,12,46,300
klinklang,steel,gray,24,179,520
koffing,poison,purple,24,2,340
komala,normal,blue,16,44,480
kommo-o,dragon,gray,63,172,600
koraidon,fighting,red,98,668,670
krabby,water,red,16,14,325
kricketot,bug,red,12,5,194
kricketune,bug,red,39,56,384
krokorok,ground,brown,39,74,351
krookodile,ground,red,59,212,519
kubfu,fighting,gray,24,26,385
kyogre,water,blue,177,776,670
kyogre-primal,water,blue,386,948,770
kyurem,dragon,gray,118,717,660
kyurem-black,dragon,gray,130,717,700
kyurem-white,dragon,gray,142,717,700
lairon,steel,gray,35,265,430
lampent,ghost,black,24,29,370
landorus-incarnate,ground,brown,59,150,600
lanturn,water,blue,47,50,460
lapras,water,blue,98,485,535
larvesta,bug,white,43,63,360
larvitar,rock,green,24,159,300
latias,dragon,red,55,88,600
latias-mega,dragon,red,71,115,700
latios,dragon,blue,79,132,600
latios-mega,dragon,blue,91,154,700
leafeon,grass,green,39,56,525
leavanny,bug,yellow,47,45,500
lechonk,normal,gray,20,22,254
ledian,bug,red,55,78,390
ledyba,bug,red,39,24,265
lickilicky,normal,pink,67,309,515
lickitung,normal,pink,47,144,385
liepard,dark,purple,43,83,446
lileep,rock,purple,39,52,355
lilligant,grass,green,43,36,480
lilligant-hisui,grass,green,47,42,480
lillipup,normal,brown,16,9,275
linoone,normal,white,20,72,420
linoone-galar,dark,white,20,72,420
litleo,fire,brown,24,30,369
litten,fire,red,16,9,320
litwick,ghost,white,12,7,275
lokix,bug,gray,39,39,450
lombre,water,green,47,72,340
lopunny,normal,brown,47,73,480
lopunny-mega,normal,brown,51,62,580
lotad,water,green,20,6,220
loudred,normal,blue,39,89,360
lucario,fighting,blue,47,119,525
lucario-mega,fighting,blue,51,127,625
ludicolo,water,green,59,121,480
lugia,psychic,white,205,476,680
lumineon,water,blue,47,53,460
lunala,psychic,purple,157,265,680
lunatone,rock,yellow,39,370,460
lurantis,grass,pink,35,41,480
luvdisc,water,pink,24,19,330
luxio,electric,blue,35,67,363
luxray,electric,blue,55,93,523
lycanroc-midday,rock,brown,31,55,487
mabosstiff,dark,gray,43,134,505
machamp,fighting,gray,63,287,505
machoke,fighting,gray,59,155,405
machop,fighting,gray,31,43,305
magby,fire,red,28,47,365
magcargo,fire,red,31,121,430
magearna,steel,gray,39,177,600
magikarp,water,red,35,22,200
magmar,fire,red,51,98,495
magmortar,fire,red,63,150,540
magnemite,electric,gray,12,13,325
magneton,electric,gray,39,132,465
magnezone,electric,gray,47,397,535
makuhita,fighting,yellow,39,190,237
malamar,dark,blue,59,104,482
mamoswine,ice,brown,98,642,530
manaphy,water,blue,12,3,600
mandibuzz,dark,brown,47,87,510
manectric,electric,yellow,59,89,475
manectric-mega,electric,yellow,71,97,575
mankey,fighting,brown,20,62,305
mantine,water,purple,83,485,485
mantyke,water,blue,39,143,345
maractus,grass,green,39,62,461
mareanie,poison,blue,16,18,305
mareep,electric,white,24,17,280
marill,water,blue,16,19,250
marowak,ground,brown,39,99,425
marowak-alola,fire,brown,39,75,425
marowak-totem,fire,brown,67,216,425
marshadow,fighting,gray,28,49,600
marshtomp,water,blue,28,62,405
maschiff,dark,brown,20,35,340
masquerain,bug,blue,31,8,454
maushold-family-of-four,normal,white,12,5,470
mawile,steel,black,24,25,380
mawile-mega,steel,black,39,52,480
medicham,fighting,red,51,69,410
medicham-mega,fighting,red,51,69,510
meditite,fighting,blue,24,25,280
meganium,grass,green,71,222,525
melmetal,steel,gray,98,1764,600
meloetta-aria,normal,white,24,14,600
meloetta-pirouette,normal,white,24,14,600
meltan,steel,gray,8,18,300
meowscarada,grass,green,59,69,530
meowstic-male,psychic,blue,24,19,466
meowth,normal,yellow,16,9,290
meowth-alola,dark,yellow,16,9,290
meowth-galar,steel,yellow,16,17,290
mesprit,psychic,pink,12,1,580
metagross,steel,blue,63,1213,600
metagross-mega,steel,blue,98,2079,700
metang,steel,blue,47,446,420
metapod,bug,green,28,22,205
mew,psychic,pink,16,9,600
mewtwo,psychic,purple,79,269,680
mewtwo-mega-x,psychic,purple,91,280,780
mewtwo-mega-y,psychic,purple,59,73,780
mienfoo,fighting,yellow,35,44,350
mienshao,fighting,purple,55,78,510
mightyena,dark,gray,39,82,420
milcery,fairy,white,8,1,270
milotic,water,pink,244,357,540
miltank,normal,pink,47,166,490
mime-jr,psychic,pink,24,29,310
mimikyu-disguised,ghost,yellow,8,2,476
minccino,normal,gray,16,13,300
minior-blue,rock,brown,12,1,500
minior-green,rock,brown,12,1,500
minior-indigo,rock,brown,12,1,500
minior-orange,rock,brown,12,1,500
minior-red,rock,brown,12,1,500
minior-red-meteor,rock,brown,12,88,440
minior-violet,rock,brown,12,1,500
minior-yellow,rock,brown,12,1,500
minun,electric,yellow,16,9,405
miraidon,electric,blue,138,529,670
misdreavus,ghost,gray,28,2,435
mismagius,ghost,purple,35,10,495
moltres,fire,yellow,79,132,580
moltres-galar,dark,yellow,79,146,580
monferno,fire,brown,35,49,405
morelull,grass,purple,8,3,285
morgrem,dark,pink,31,28,370
morpeko-full-belly,electric,yellow,12,7,436
mothim,bug,yellow,35,51,424
mr-mime,psychic,pink,51,120,460
mr-mime-galar,ice,pink,55,125,460
mr-rime,ice,purple,59,128,520
mudbray,ground,brown,39,243,385
mudkip,water,blue,16,17,310
mudsdale,ground,brown,98,2028,500
muk,poison,purple,47,66,500
muk-alola,poison,purple,39,115,500
munchlax,normal,black,24,231,390
munkidori,poison,black,39,27,555
munna,psychic,pink,24,51,292
murkrow,dark,black,20,5,405
musharna,psychic,pink,43,133,487
nacli,rock,brown,16,35,280
naclstack,rock,brown,24,231,355
naganadel,poison,purple,142,331,540
natu,psychic,green,8,4,320
necrozma,psychic,black,94,507,600
necrozma-dawn,psychic,black,165,772,680
necrozma-dusk,psychic,black,150,1014,680
necrozma-ultra,psychic,black,295,507,754
nickit,dark,brown,24,20,245
nidoking,poison,purple,55,137,505
nidoqueen,poison,blue,51,132,505
nidoran-f,poison,blue,16,15,275
nidoran-m,poison,purple,20,20,273
nidorina,poison,blue,31,44,365
nidorino,poison,purple,35,43,365
nihilego,rock,white,47,122,570
nincada,bug,gray,20,12,266
ninetales,fire,yellow,43,44,505
ninetales-alola,ice,yellow,43,44,505
ninjask,bug,yellow,31,26,456
noctowl,normal,brown,63,90,452
noibat,flying,purple,20,18,245
noivern,flying,purple,59,187,535
nosepass,rock,gray,39,214,375
numel,fire,yellow,28,53,305
nuzleaf,grass,brown,39,62,340
nymble,bug,gray,8,2,210
obstagoon,dark,gray,63,101,520
octillery,water,red,35,63,480
oddish,grass,blue,20,12,320
ogerpon,grass,green,47,88,550
ogerpon-cornerstone-mask,grass,green,47,88,550
ogerpon-hearthflame-mask,grass,green,47,88,550
ogerpon-wellspring-mask,grass,green,47,88,550
oinkologne-male,normal,gray,39,265,489
okidogi,poison,black,71,203,555
omanyte,rock,blue,16,17,355
omastar,rock,blue,39,77,495
onix,rock,gray,346,463,385
oranguru,normal,white,59,168,490
orbeetle,bug,red,16,90,505
oricorio-baile,fire,red,24,7,476
oricorio-pau,psychic,red,24,7,476
oricorio-pom-pom,electric,red,24,7,476
oricorio-sensu,ghost,red,24,7,476
orthworm,steel,pink,98,683,480
oshawott,water,blue,20,13,308
overqwil,dark,black,98,133,510
pachirisu,electric,white,16,9,405
palafin-hero,water,blue,71,215,650
palafin-zero,water,blue,51,133,457
palkia,water,purple,165,741,680
palossand,ghost,brown,51,551,480
palpitoad,water,blue,31,37,384
pancham,fighting,white,24,18,348
pangoro,fighting,white,83,300,495
panpour,water,blue,24,30,316
pansage,grass,green,24,23,316
pansear,fire,red,24,24,316
paras,bug,red,12,12,285
parasect,bug,red,39,65,405
passimian,fighting,white,79,183,490
patrat,normal,brown,20,26,255
pawmi,electric,yellow,12,6,240
pawmo,electric,yellow,16,14,350
pawmot,electric,yellow,35,90,490
pawniard,dark,red,20,22,340
pecharunt,poison,purple,12,1,600
pelipper,water,yellow,47,62,440
perrserker,steel,brown,31,62,440
persian,normal,yellow,39,71,440
persian-alola,dark,yellow,43,73,440
petilil,grass,green,20,15,280
phanpy,ground,blue,20,74,330
phantump,ghost,brown,16,15,309
pheromosa,bug,white,71,55,570
phione,water,blue,16,7,480
pichu,electric,yellow,12,4,205
pidgeot,normal,brown,59,87,479
pidgeot-mega,normal,brown,87,111,579
pidgeotto,normal,brown,43,66,349
pidgey,normal,brown,12,4,251
pidove,normal,gray,12,5,264
pignite,fire,red,39,122,418
pikachu,electric,yellow,16,13,320
pikachu-starter,electric,yellow,16,13,430
pikipek,normal,black,12,3,265
piloswine,ice,brown,43,123,450
pincurchin,electric,purple,12,2,435
pineco,bug,gray,24,16,290
pinsir,bug,brown,59,121,500
pinsir-mega,bug,brown,67,130,600
piplup,water,blue,16,11,314
plusle,electric,yellow,16,9,405
poipole,poison,purple,24,4,420
politoed,water,green,43,75,500
poliwag,water,blue,24,27,300
poliwhirl,water,blue,39,44,385
poliwrath,water,blue,51,119,510
poltchageist,grass,green,4,2,308
polteageist,ghost,purple,8,1,508
ponyta,fire,yellow,39,66,410
ponyta-galar,psychic,yellow,31,53,410
poochyena,dark,gray,20,30,220
popplio,water,blue,16,17,320
porygon,normal,pink,31,80,395
porygon2,normal,red,24,72,515
porygon-z,normal,red,35,75,535
primarina,water,blue,71,97,530
primeape,fighting,brown,39,71,455
prinplup,water,blue,31,51,405
probopass,rock,gray,55,750,525
psyduck,water,yellow,31,43,320
pumpkaboo-average,ghost,brown,16,11,335
pupitar,rock,gray,47,335,410
purrloin,dark,purple,16,22,281
purugly,normal,gray,39,97,452
pyroar,fire,brown,59,180,507
pyukumuku,water,black,12,3,410
quagsire,water,blue,55,165,430
quaquaval,water,blue,71,136,530
quaxly,water,white,20,13,310
quaxwell,water,blue,47,47,410
quilava,fire,yellow,35,42,405
quilladin,grass,green,28,64,405
qwilfish,water,gray,20,9,440
qwilfish-hisui,dark,gray,20,9,440
raboot,fire,gray,24,20,420
rabsca,bug,green,12,8,470
raging-bolt,electric,yellow,205,1058,590
raichu,electric,yellow,31,66,485
raichu-alola,electric,yellow,28,46,485
raikou,electric,yellow,75,392,580
ralts,psychic,white,16,15,198
rampardos,rock,blue,63,226,495
rapidash,fire,yellow,67,209,500
rapidash-galar,psychic,yellow,67,176,500
raticate,normal,brown,28,41,413
raticate-alola,dark,brown,28,56,413
raticate-totem-alola,dark,brown,55,231,413
rattata,normal,purple,12,8,253
rattata-alola,dark,purple,12,8,253
rayquaza,dragon,green,276,455,680
rayquaza-mega,dragon,green,425,864,780
regice,ice,blue,71,386,580
regidrago,dragon,green,83,441,580
regieleki,electric,yellow,47,320,580
regigigas,normal,white,146,926,670
regirock,rock,brown,67,507,580
registeel,steel,gray,75,452,580
relicanth,water,gray,39,52,485
rellor,bug,brown,8,2,270
remoraid,water,gray,24,26,300
reshiram,dragon,white,126,728,680
reuniclus,psychic,green,39,44,490
revavroom,steel,gray,71,265,500
rhydon,ground,gray,75,265,485
rhyhorn,ground,gray,39,254,345
rhyperior,ground,gray,94,623,535
ribombee,bug,yellow,8,1,464
rillaboom,grass,green,83,198,530
riolu,fighting,blue,28,45,285
roaring-moon,dragon,green,79,838,590
rockruff,rock,brown,20,20,280
roggenrola,rock,blue,16,40,280
rolycoly,rock,black,12,26,240
rookidee,flying,blue,8,4,245
roselia,grass,green,12,4,400
roserade,grass,green,35,32,515
rotom,electric,red,12,1,440
rotom-fan,electric,red,12,1,520
rotom-frost,electric,red,12,1,520
rotom-heat,electric,red,12,1,520
rotom-mow,electric,red,12,1,520
rotom-wash,electric,red,12,1,520
rowlet,grass,brown,12,3,320
rufflet,normal,white,20,23,350
runerigus,ground,gray,63,147,483
sableye,dark,purple,20,24,380
sableye-mega,dark,purple,20,355,480
salamence,dragon,blue,59,226,600
salamence-mega,dragon,blue,71,248,700
salandit,poison,black,24,11,320
salazzle,poison,black,47,49,480
samurott,water,blue,59,209,528
samurott-hisui,water,blue,59,128,528
sandaconda,ground,green,150,144,510
sandile,ground,brown,28,34,292
sandshrew,ground,yellow,24,26,300
sandshrew-alola,ice,yellow,28,88,300
sandslash,ground,yellow,39,65,450
sandslash-alola,ice,yellow,47,121,450
sandygast,ghost,brown,20,154,320
sandy-shocks,electric,gray,91,132,570
sawk,fighting,blue,55,112,465
sawsbuck,normal,brown,75,204,475
scatterbug,bug,black,12,6,200
sceptile,grass,green,67,115,530
sceptile-mega,grass,green,75,122,630
scizor,bug,red,71,260,500
scizor-mega,bug,red,79,276,600
scolipede,bug,red,98,442,485
scorbunny,fire,white,12,10,310
scovillain,grass,green,35,33,486
scrafty,dark,red,43,66,488
scraggy,dark,yellow,24,26,348
scream-tail,fairy,pink,47,18,570
scyther,bug,green,59,123,500
seadra,water,blue,47,55,440
seaking,water,red,51,86,450
sealeo,ice,blue,43,193,410
seedot,grass,brown,20,9,220
seel,water,white,43,198,325
seismitoad,water,blue,59,137,509
sentret,normal,brown,31,13,215
serperior,grass,green,130,139,528
servine,grass,green,31,35,413
seviper,poison,black,106,116,458
sewaddle,bug,yellow,12,6,310
sharpedo,water,blue,71,196,460
sharpedo-mega,water,blue,98,287,560
shaymin-land,grass,green,8,5,600
shaymin-sky,grass,green,16,11,600
shedinja,bug,brown,31,3,236
shelgon,dragon,white,43,244,420
shellder,water,purple,12,9,305
shellos,water,purple,12,14,325
shelmet,bug,red,16,17,305
shieldon,rock,gray,20,126,350
shiftry,grass,brown,51,131,480
shiinotic,grass,purple,39,25,405
shinx,electric,blue,20,21,263
shroodle,poison,gray,8,2,290
shroomish,grass,brown,16,10,295
shuckle,bug,yellow,24,45,505
shuppet,ghost,black,24,5,295
sigilyph,psychic,black,55,31,490
silcoon,bug,white,24,22,205
silicobra,ground,green,87,17,315
silvally,normal,gray,91,222,570
simipour,water,blue,39,64,498
simisage,grass,green,43,67,498
simisear,fire,red,39,62,498
sinistcha,grass,green,8,5,508
sinistea,ghost,purple,4,0,308
sirfetchd,fighting,white,31,258,507
sizzlipede,fire,red,28,2,305
skarmory,steel,gray,67,111,465
skeledirge,fire,red,63,720,530
skiddo,grass,brown,35,68,350
skiploom,grass,green,24,2,340
skitty,normal,pink,24,24,260
skorupi,poison,purple,31,26,330
skrelp,poison,brown,20,16,320
skuntank,poison,purple,39,84,479
skwovet,normal,brown,12,6,275
slaking,normal,brown,79,288,670
slakoth,normal,brown,31,53,280
sliggoo,dragon,purple,31,39,452
sliggoo-hisui,steel,purple,28,151,452
slither-wing,bug,red,126,203,570
slowbro,water,pink,63,173,490
slowbro-galar,poison,pink,63,155,490
slowbro-mega,water,pink,79,265,590
slowking,water,pink,79,175,490
slowking-galar,poison,pink,71,175,490
slowpoke,water,pink,47,79,315
slowpoke-galar,psychic,pink,47,79,315
slugma,fire,red,28,77,250
slurpuff,fairy,white,31,11,480
smeargle,normal,white,47,128,250
smoliv,grass,green,12,14,260
smoochum,ice,pink,16,13,305
sneasel,dark,black,35,62,430
sneasel-hisui,fighting,black,35,60,430
sneasler,fighting,gray,51,95,510
snivy,grass,green,24,18,308
snom,ice,white,12,8,185
snorlax,normal,black,83,1014,540
snorunt,ice,gray,28,37,300
snover,grass,white,39,111,334
snubbull,fairy,pink,24,17,300
sobble,water,blue,12,9,310
solgaleo,psychic,white,134,507,680
solosis,psychic,green,12,2,290
solrock,rock,red,47,340,460
spearow,normal,brown,12,4,262
spectrier,ghost,black,79,98,580
spewpa,bug,black,12,19,213
spheal,ice,blue,31,87,290
spidops,bug,green,39,36,404
spinarak,bug,green,20,19,250
spinda,normal,brown,43,11,360
spiritomb,ghost,purple,39,238,485
spoink,psychic,black,28,67,330
sprigatito,grass,green,16,9,310
spritzee,fairy,pink,8,1,341
squawkabilly-green-plumage,normal,green,24,5,417
squirtle,water,blue,20,20,314
stakataka,rock,gray,217,1808,570
stantler,normal,brown,55,157,465
staraptor,normal,brown,47,55,485
staravia,normal,brown,24,34,340
starly,normal,brown,12,4,245
starmie,water,purple,43,176,520
staryu,water,brown,31,76,340
steelix,steel,gray,362,882,510
steelix-mega,steel,gray,413,1631,610
steenee,grass,purple,28,18,290
stonjourner,rock,gray,98,1146,470
stoutland,normal,gray,47,134,500
stufful,normal,pink,20,15,340
stunfisk,ground,brown,28,24,471
stunfisk-galar,ground,brown,28,45,471
stunky,poison,purple,16,42,329
sudowoodo,rock,brown,47,84,410
suicune,water,blue,79,412,580
sunflora,grass,yellow,31,19,425
sunkern,grass,yellow,12,4,180
surskit,bug,blue,20,4,269
swablu,normal,blue,16,3,310
swadloon,bug,green,20,16,380
swalot,poison,purple,67,176,467
swampert,water,blue,59,181,535
swampert-mega,water,blue,75,225,635
swanna,water,white,51,53,473
swellow,normal,blue,28,44,455
swinub,ice,brown,16,14,250
swirlix,fairy,white,16,8,341
swoobat,psychic,blue,35,23,425
sylveon,fairy,pink,39,52,525
tadbulb,electric,yellow,12,1,272
taillow,normal,blue,12,5,270
talonflame,fire,red,47,54,499
tandemaus,normal,white,12,4,305
tangela,grass,blue,39,77,435
tangrowth,grass,blue,79,284,535
tapu-bulu,grass,red,75,100,570
tapu-fini,water,purple,51,47,570
tapu-koko,electric,yellow,71,45,570
tapu-lele,psychic,pink,47,41,570
tarountula,bug,white,12,9,210
tatsugiri-curly,dragon,pink,12,18,475
tauros,normal,brown,55,195,490
tauros-paldea-aqua-breed,fighting,brown,55,243,490
tauros-paldea-blaze-breed,fighting,brown,55,187,490
tauros-paldea-combat-breed,fighting,brown,55,254,490
teddiursa,normal,brown,24,19,330
tentacool,water,blue,35,100,335
tentacruel,water,blue,63,121,515
tepig,fire,red,20,22,308
terapagos,normal,blue,8,14,450
terapagos-stellar,normal,blue,67,170,700
terapagos-terastal,normal,blue,12,35,600
terrakion,rock,gray,75,573,580
thievul,dark,brown,47,44,455
throh,fighting,red,51,122,465
thundurus-incarnate,electric,blue,59,134,580
thwackey,grass,green,28,31,420
timburr,fighting,gray,24,28,305
ting-lu,dark,brown,106,1543,570
tinkatink,fairy,pink,16,20,297
tinkaton,fairy,pink,28,249,506
tinkatuff,fairy,pink,28,130,380
tirtouga,water,blue,28,36,355
toedscool,ground,yellow,35,73,335
toedscruel,ground,black,75,128,515
togedemaru,electric,gray,12,7,435
togekiss,fairy,white,59,84,545
togepi,fairy,white,12,3,245
togetic,fairy,white,24,7,405
torchic,fire,red,16,6,310
torkoal,fire,brown,20,177,470
tornadus-incarnate,flying,green,59,139,580
torracat,fire,red,28,55,420
torterra,grass,green,87,683,525
totodile,water,blue,24,21,314
toucannon,normal,black,43,57,485
toxapex,poison,blue,28,32,495
toxel,electric,purple,16,24,242
toxicroak,poison,blue,51,98,490
toxtricity-amped,electric,purple,63,88,502
tranquill,normal,gray,24,33,358
trapinch,ground,brown,28,33,290
treecko,grass,green,20,11,310
trevenant,ghost,brown,59,157,474
tropius,grass,green,79,220,460
trubbish,poison,green,24,68,329
trumbeak,normal,black,24,33,355
tsareena,grass,purple,47,47,510
turtonator,fire,red,79,467,485
turtwig,grass,green,16,22,318
tympole,water,blue,20,10,294
tynamo,electric,white,8,1,275
type-null,normal,gray,75,266,534
typhlosion,fire,yellow,67,175,534
typhlosion-hisui,fire,yellow,63,154,534
tyranitar,rock,green,79,445,600
tyranitar-mega,rock,green,98,562,700
tyrantrum,rock,red,98,595,521
tyrogue,fighting,purple,28,46,210
tyrunt,rock,brown,31,57,362
umbreon,dark,black,39,60,525
unfezant,normal,gray,47,64,488
unown,psychic,black,20,11,336
ursaluna,ground,brown,94,639,550
ursaluna-bloodmoon,ground,brown,94,639,555
ursaring,normal,brown,71,277,500
urshifu-rapid-strike,fighting,gray,75,231,550
urshifu-single-strike,fighting,gray,75,231,550
uxie,psychic,yellow,12,1,580
vanillish,ice,white,43,90,395
vanillite,ice,white,16,13,305
vanilluxe,ice,white,51,127,535
vaporeon,water,blue,39,64,525
varoom,steel,gray,39,77,300
veluza,water,gray,98,198,478
venipede,bug,red,16,12,260
venomoth,bug,purple,59,28,450
venonat,bug,purple,39,66,305
venusaur,grass,green,79,220,525
venusaur-mega,grass,green,94,343,625
vespiquen,bug,yellow,47,85,474
vibrava,ground,green,43,34,340
victini,psychic,yellow,16,9,600
victreebel,grass,green,67,34,490
vigoroth,normal,white,55,103,440
vikavolt,bug,blue,59,99,500
vileplume,grass,red,47,41,490
virizion,grass,green,79,441,580
vivillon,bug,white,47,37,411
volbeat,bug,gray,28,39,430
volcanion,fire,brown,67,430,600
volcarona,bug,white,63,101,550
voltorb,electric,red,20,23,330
voltorb-hisui,electric,red,20,29,330
vullaby,dark,brown,20,20,370
vulpix,fire,brown,24,22,299
vulpix-alola,ice,brown,24,22,299
wailmer,water,blue,79,287,400
wailord,water,blue,571,877,500
walking-wake,water,blue,138,617,590
walrein,ice,blue,55,332,530
wartortle,water,blue,39,50,405
watchog,normal,brown,43,60,420
wattrel,electric,black,16,8,280
weavile,dark,black,43,75,510
weedle,bug,brown,12,7,195
weepinbell,grass,green,39,14,390
weezing,poison,purple,47,21,490
weezing-galar,poison,purple,118,35,490
whimsicott,grass,green,28,15,480
whirlipede,bug,gray,47,129,360
whiscash,water,blue,35,52,468
whismur,normal,pink,24,36,240
wigglytuff,normal,pink,39,26,435
wiglett,water,white,47,4,245
wimpod,bug,gray,20,26,230
wingull,water,white,24,21,270
wishiwashi-school,water,blue,323,173,620
wishiwashi-solo,water,blue,8,1,175
wobbuffet,psychic,blue,51,63,405
wo-chien,dark,brown,59,164,570
woobat,psychic,blue,16,5,323
wooloo,normal,white,24,13,270
wooper,water,blue,16,19,210
wooper-paldea,poison,blue,16,24,210
wormadam-plant,bug,green,20,14,424
wormadam-sandy,bug,green,20,14,424
wormadam-trash,bug,green,20,14,424
wugtrio,water,red,47,12,425
wurmple,bug,red,12,8,195
wynaut,psychic,blue,24,31,260
wyrdeer,normal,gray,71,210,525
xatu,psychic,green,59,33,470
xerneas,fairy,blue,118,474,680
xurkitree,electric,black,150,220,570
yamask,ghost,black,20,3,303
yamask-galar,ground,black,20,3,303
yamper,electric,yellow,12,30,270
yanma,bug,red,47,84,390
yanmega,bug,green,75,114,515
yungoos,normal,brown,16,13,253
yveltal,dark,red,228,448,680
zacian,fairy,blue,110,243,660
zacian-crowned,fairy,blue,110,783,700
zamazenta,fighting,red,114,463,660
zamazenta-crowned,fighting,red,114,1731,700
zangoose,normal,white,51,89,458
zapdos,electric,yellow,63,116,580
zapdos-galar,fighting,yellow,63,128,580
zarude,dark,green,71,154,600
zebstrika,electric,black,63,175,497
zekrom,dragon,black,114,761,680
zeraora,electric,yellow,59,98,600
zigzagoon,normal,brown,16,39,240
zigzagoon-galar,dark,brown,16,39,240
zoroark,dark,gray,63,179,510
zoroark-hisui,normal,gray,63,161,510
zorua,dark,gray,28,28,330
zorua-hisui,normal,gray,28,28,330
zubat,poison,purple,31,17,245
zweilous,dark,blue,55,110,420
zygarde-10,dragon,green,47,74,486
zygarde-10-power-construct,dragon,green,47,74,486
zygarde-50,dragon,green,197,672,600
zygarde-complete,dragon,green,177,1345,708
